ID,CODE,NAME,BARCODE,ราคา,นำเข้าครั้งล่าสุด,เหลือในสต็อค,ยอดขายวันนี้
1701524P2035,H-MA-P2035,ผ้าปิดจมูกผู้ใหญ่ช้าง 12 ตัว,8854594925315,59.00,100,98,2
1701524P2036,H-MA-B2035,ผ้าปิดจมูกผู้ใหญ่ช้าง 12 ตัว,8854594925322,59.00,100,100,0
1701524P2037,H-MA-W2037,ผ้าปิดจมูกผู้ใหญ่ช้าง 4 ช่อง,8854594925339,59.00,100,100,0
1701524P2038,H-MA-P2037,ผ้าปิดจมูกผู้ใหญ่ช้าง 4 ช่อง,8854594925346,59.00,100,100,0
1701524P2039,H-MA-B2037,ผ้าปิดจมูกผู้ใหญ่ช้าง 4 ช่อง,8854594925353,59.00,100,100,0
1701524P2040,H-MA-W2227,ผ้าปิดจมูกผู้ใหญ่ช้างไชโย,8854594925360,59.00,100,100,0
1701524P2041,H-MA-P2227,ผ้าปิดจมูกผู้ใหญ่ช้างไชโย,8854594925377,59.00,100,100,0
1701524P2042,H-MA-B2227,ผ้าปิดจมูกผู้ใหญ่ช้างไชโย,8854594925384,59.00,100,100,0
1701524P2043,H-MA-W2099,ผ้าปิดจมูกผู้ใหญ่ช้างขี่ตุ๊ก,8854594925391,59.00,100,100,0
1701524P2044,H-MA-P2099,ผ้าปิดจมูกผู้ใหญ่ช้างขี่ตุ๊ก,8854594925407,59.00,100,100,0
1701524P2045,H-MA-B2099,ผ้าปิดจมูกผู้ใหญ่ช้างขี่ตุ๊ก,8854594925414,59.00,100,100,0
1701524P2046,H-MA-WA895K,Magnolia / ดำ,8854594925421,59.00,100,100,0
1701524P2047,H-MA-PA895K,Magnolia / ดำ,8854594925438,59.00,100,100,0
1701524P2048,H-MA-BA895K,Magnolia / ดำ,8854594925445,59.00,100,100,0
1701524P2049,H-MA-WA895W,Magnolia / ขาว,8854594925452,59.00,100,100,0
1701524PA895W,H-MA-PA895W,Magnolia / ขาว,8854594925469,59.00,100,100,0
1701524BA895W,H-MA-BA895W,Magnolia / ขาว,8854594925476,59.00,100,100,0
1701524WA895Y,H-MA-WA895Y,Magnolia / เหลือง,8854594925483,59.00,100,100,0
1701524PA895Y,H-MA-PA895Y,Magnolia / เหลือง,8854594925490,59.00,100,100,0
1701524BA895Y,H-MA-BA895Y,Magnolia / เหลือง,8854594925506,59.00,100,100,0
1701524WA895P,H-MA-WA895P,Magnolia / ชมพู,8854594925513,59.00,100,100,0
1701524PA895P,H-MA-PA895P,Magnolia / ชมพู,8854594925520,59.00,100,100,0
1701524BA895P,H-MA-BA895P,Magnolia / ชมพู,8854594925537,59.00,100,100,0
1701524WA895B,H-MA-WA895B,Magnolia / ฟ้า,8854594925544,59.00,100,100,0
1701524PA895B,H-MA-PA895B,Magnolia / ฟ้า,8854594925551,59.00,100,100,0
1701524BA895B,H-MA-BA895B,Magnolia / ฟ้า,8854594925568,59.00,100,100,0
1701525W2035,H-MK-W2035,ผ้าปิดจมูกเด็กช้าง 12 ตัว,8854594925575,59.00,100,100,0
1701525P2035,H-MK-P2035,ผ้าปิดจมูกเด็กช้าง 12 ตัว,8854594925582,59.00,100,100,0
1701525B2035,H-MK-B2035,ผ้าปิดจมูกเด็กช้าง 12 ตัว,8854594925599,59.00,100,100,0
1701525W2037,H-MK-W2037,ผ้าปิดจมูกเด็กช้าง 4 ช่อง,8854594925605,59.00,100,100,0
1701525P2037,H-MK-P2037,ผ้าปิดจมูกเด็กช้าง 4 ช่อง,8854594925612,59.00,100,100,0
1701525B2037,H-MK-B2037,ผ้าปิดจมูกเด็กช้าง 4 ช่อง,8854594925629,59.00,100,100,0
1701525W2227,H-MK-W2227,ผ้าปิดจมูกเด็กช้างไชโย,8854594925636,59.00,100,100,0
1701525P2227,H-MK-P2227,ผ้าปิดจมูกเด็กช้างไชโย,8854594925643,59.00,100,100,0
1701525B2227,H-MK-B2227,ผ้าปิดจมูกเด็กช้างไชโย,8854594925650,59.00,100,100,0
1701525W2099,H-MK-W2099,ผ้าปิดจมูกเด็กช้างขี่ตุ๊ก,8854594925667,59.00,100,100,0
1701525P2099,H-MK-P2099,ผ้าปิดจมูกเด็กช้างขี่ตุ๊ก,8854594925674,59.00,100,100,0
1701525B2099,H-MK-B2099,ผ้าปิดจมูกเด็กช้างขี่ตุ๊ก,8854594925681,59.00,100,100,0
1701525WA895K,H-MK-WA895K,Magnolia / ดำ,8854594925698,59.00,100,100,0
1701525PA895K,H-MK-PA895K,Magnolia / ดำ,8854594925704,59.00,100,100,0
1701525BA895K,H-MK-BA895K,Magnolia / ดำ,8854594925711,59.00,100,100,0
1701525WA895W,H-MK-WA895W,Magnolia / ขาว,8854594925728,59.00,100,100,0
1701525PA895W,H-MK-PA895W,Magnolia / ขาว,8854594925735,59.00,100,100,0
1701525BA895W,H-MK-BA895W,Magnolia / ขาว,8854594925742,59.00,100,100,0
1701525WA895Y,H-MK-WA895Y,Magnolia / เหลือง,8854594925759,59.00,100,100,0
1701525PA895Y,H-MK-PA895Y,Magnolia / เหลือง,8854594925766,59.00,100,100,0
1701525BA895Y,H-MK-BA895Y,Magnolia / เหลือง,8854594925773,59.00,100,100,0
1701525WA895P,H-MK-WA895P,Magnolia / ชมพู,8854594925780,59.00,100,100,0
1701525PA895P,H-MK-PA895P,Magnolia / ชมพู,8854594925797,59.00,100,100,0
1701525BA895P,H-MK-BA895P,Magnolia / ชมพู,8854594925803,59.00,100,100,0
1701525WA895B,H-MK-WA895B,Magnolia / ฟ้า,8854594925810,59.00,100,100,0
1701525PA895B,H-MK-PA895B,Magnolia / ฟ้า,8854594925827,59.00,100,100,0
1701525BA895B,H-MK-BA895B,Magnolia / ฟ้า,8854594925834,59.00,100,100,0
17015262037,H-BA-2037,หมวกผู้ใหญ่ช้าง 12 ตัว,8854594925841,190.00,100,100,0
17015262035,H-BA-2035,หมวกผู้ใหญ่ช้าง 4 ช่อง,8854594925858,190.00,100,100,0
17015262227,H-BA-2227,หมวกผู้ใหญ่ช้างไชโย,8854594925865,190.00,100,100,0
17015262099,H-BA-2099,หมวกผู้ใหญ่ช้างขี่ตุ๊ก ๆ,8854594925872,190.00,100,100,0
17015272037,H-BK-2037,หมวกเด็กช้าง 12 ตัว,8854594925889,190.00,100,100,0
17015272035,H-BK-2035,หมวกเด็กช้าง 4 ช่อง,8854594925896,190.00,100,100,0
17015272227,H-BK-2227,หมวกเด็กช้างไชโย,8854594925902,190.00,100,100,0
17015272099,H-BK-2099,หมวกเด็กช้างขี่ตุ๊ก ๆ,8854594925919,190.00,100,100,0